<?xml version="1.0" encoding ="utf-8"?>
<swc xmlns="http://www.adobe.com/flash/swccatalog/9">
  <versions>
    <swc version="1.2" />
    <flex version="4.6.0" build="23201" minimumSupportedVersion="3.0.0" />
  </versions>
  <features>
    <feature-script-deps />
    <feature-files />
  </features>
  <libraries>
    <library path="library.swf">
      <script name="cn/sharesdk/ane/events/AuthEvent" mod="1420305852000" signatureChecksum="3369496170" >
        <def id="cn.sharesdk.ane.events:AuthEvent" /> 
        <dep id="AS3" type="n" /> 
        <dep id="flash.events:Event" type="i" /> 
      </script>
      <script name="cn/sharesdk/ane/ShareType" mod="1429343844000" signatureChecksum="3999558182" >
        <def id="cn.sharesdk.ane:ShareType" /> 
        <dep id="AS3" type="n" /> 
        <dep id="Object" type="i" /> 
      </script>
      <script name="cn/sharesdk/ane/events/ShareEvent" mod="1420305852000" signatureChecksum="3065679656" >
        <def id="cn.sharesdk.ane.events:ShareEvent" /> 
        <dep id="AS3" type="n" /> 
        <dep id="flash.events:Event" type="i" /> 
      </script>
      <script name="cn/sharesdk/ane/PlatformID" mod="1420305852000" signatureChecksum="3619146512" >
        <def id="cn.sharesdk.ane:PlatformID" /> 
        <dep id="AS3" type="n" /> 
        <dep id="Object" type="i" /> 
      </script>
      <script name="cn/sharesdk/ane/ShareMenuArrowDirection" mod="1420305852000" signatureChecksum="1657557910" >
        <def id="cn.sharesdk.ane:ShareMenuArrowDirection" /> 
        <dep id="AS3" type="n" /> 
        <dep id="Object" type="i" /> 
      </script>
      <script name="cn/sharesdk/ane/NativeMethodName" mod="1429245119000" signatureChecksum="3547047686" >
        <def id="cn.sharesdk.ane:NativeMethodName" /> 
        <dep id="AS3" type="n" /> 
        <dep id="Object" type="i" /> 
      </script>
      <script name="cn/sharesdk/ane/ShareSDKExtension" mod="1429275880000" signatureChecksum="1045289180" >
        <def id="cn.sharesdk.ane:ShareSDKExtension" /> 
        <dep id="JSON" type="e" /> 
        <dep id="trace" type="e" /> 
        <dep id="cn.sharesdk.ane:Action" type="e" /> 
        <dep id="cn.sharesdk.ane:NativeMethodName" type="e" /> 
        <dep id="flash.events:StatusEvent" type="e" /> 
        <dep id="flash.external:ExtensionContext" type="e" /> 
        <dep id="cn.sharesdk.ane:ResponseState" type="e" /> 
        <dep id="cn.sharesdk.ane.events:ShareEvent" type="e" /> 
        <dep id="flash.events:InvokeEvent" type="e" /> 
        <dep id="flash.desktop:NativeApplication" type="e" /> 
        <dep id="cn.sharesdk.ane.events:AuthEvent" type="e" /> 
        <dep id="cn.sharesdk.ane.events:UserInfoEvent" type="e" /> 
        <dep id="flash.events:Event" type="s" /> 
        <dep id="flash.events:StatusEvent" type="s" /> 
        <dep id="flash.external:ExtensionContext" type="s" /> 
        <dep id="cn.sharesdk.ane.events:ShareEvent" type="s" /> 
        <dep id="flash.events:InvokeEvent" type="s" /> 
        <dep id="cn.sharesdk.ane.events:AuthEvent" type="s" /> 
        <dep id="cn.sharesdk.ane.events:UserInfoEvent" type="s" /> 
        <dep id="AS3" type="n" /> 
        <dep id="flash.events:IEventDispatcher" type="i" /> 
        <dep id="Object" type="i" /> 
      </script>
      <script name="cn/sharesdk/ane/Action" mod="1420305852000" signatureChecksum="2492215432" >
        <def id="cn.sharesdk.ane:Action" /> 
        <dep id="AS3" type="n" /> 
        <dep id="Object" type="i" /> 
      </script>
      <script name="cn/sharesdk/ane/ResponseState" mod="1420305852000" signatureChecksum="1949579838" >
        <def id="cn.sharesdk.ane:ResponseState" /> 
        <dep id="AS3" type="n" /> 
        <dep id="Object" type="i" /> 
      </script>
      <script name="_c380e7f4a247c1083d8ef7b7db65cc4b378a030be5743a74bce803a35991cc3a_flash_display_Sprite" mod="1429343875182" signatureChecksum="3372251875" >
        <def id="_c380e7f4a247c1083d8ef7b7db65cc4b378a030be5743a74bce803a35991cc3a_flash_display_Sprite" /> 
        <dep id="flash.system:Security" type="e" /> 
        <dep id="AS3" type="n" /> 
        <dep id="flash.display:Sprite" type="i" /> 
      </script>
      <script name="cn/sharesdk/ane/events/UserInfoEvent" mod="1420305852000" signatureChecksum="2706145684" >
        <def id="cn.sharesdk.ane.events:UserInfoEvent" /> 
        <dep id="AS3" type="n" /> 
        <dep id="flash.events:Event" type="i" /> 
      </script>
      <digests>
        <digest type="SHA-256" signed="false" value="07fbfb1f346eb1860928f10dbd8b761da1b8892e5975668a313db1f817828c91"   />
      </digests>
    </library>
  </libraries>
  <files>
  </files>
</swc>
